"Date","Price","Open","High","Low","Vol.","Change %"
"19-07-2024","157.77","166.00","166.09","157.20","77.99M","-5.16%"
"18-07-2024","166.36","167.61","167.61","164.44","36.57M","-0.42%"
"16-07-2024","167.07","167.80","169.82","166.70","26.51M","0.19%"
"15-07-2024","166.76","168.69","168.99","165.80","32.64M","-1.14%"
"12-07-2024","168.69","170.20","170.39","168.01","33.31M","-0.14%"
"11-07-2024","168.92","170.00","170.95","168.67","33.99M","0.56%"
"10-07-2024","167.98","172.50","172.89","167.02","41.53M","-2.22%"
"09-07-2024","171.80","173.60","173.70","171.51","25.13M","-0.28%"
"08-07-2024","172.28","174.60","175.47","172.09","31.48M","-1.39%"
"05-07-2024","174.71","176.20","176.20","173.40","38.12M","-0.90%"
"04-07-2024","176.29","177.00","178.19","175.82","29.51M","-0.05%"
"03-07-2024","176.37","174.54","176.88","174.40","29.09M","1.05%"
"02-07-2024","174.54","174.47","175.75","173.60","33.36M","0.27%"
"01-07-2024","174.07","174.50","175.99","173.51","27.81M","0.03%"
"28-06-2024","174.01","174.17","177.10","173.57","37.52M","-0.09%"
"27-06-2024","174.16","172.56","174.95","171.80","49.77M","0.93%"
"26-06-2024","172.56","175.68","176.00","171.84","44.01M","-1.78%"
"25-06-2024","175.68","177.99","179.00","175.25","30.60M","-1.28%"
"24-06-2024","177.96","177.44","178.95","175.10","47.60M","-1.10%"
"21-06-2024","179.94","179.40","180.90","178.18","65.50M","-1.28%"
"20-06-2024","182.28","181.60","182.95","179.37","38.84M","1.26%"
"19-06-2024","180.02","182.45","182.49","179.31","27.48M","-0.61%"
"18-06-2024","181.12","183.80","184.60","180.60","35.03M","-1.11%"
"14-06-2024","183.15","182.95","183.50","181.40","28.51M","0.32%"
"13-06-2024","182.56","183.40","184.10","180.51","36.67M","0.18%"
"12-06-2024","182.23","182.25","183.87","181.50","33.31M","0.50%"
"11-06-2024","181.33","180.50","183.75","180.50","55.56M","0.58%"
"10-06-2024","180.29","180.21","182.10","177.36","74.29M","0.78%"
"07-06-2024","178.90","172.00","179.65","170.80","84.32M","3.98%"
"06-06-2024","172.05","170.00","174.70","169.40","57.92M","1.68%"
"05-06-2024","169.20","162.15","169.60","159.00","60.10M","6.45%"
"04-06-2024","158.95","174.50","174.65","148.15","125.04M","-8.78%"
"03-06-2024","174.25","173.25","175.00","168.85","86.40M","4.22%"
"31-05-2024","167.20","166.05","167.95","164.00","83.71M","1.86%"
"30-05-2024","164.15","172.00","172.00","163.35","108.81M","-5.80%"
"29-05-2024","174.25","174.75","176.00","173.50","36.58M","-0.37%"
"28-05-2024","174.90","175.90","177.50","173.45","39.21M","-0.34%"
"27-05-2024","175.50","177.70","177.70","174.85","30.41M","0.37%"
"24-05-2024","174.85","174.95","177.55","174.15","38.67M","-0.37%"
"23-05-2024","175.50","173.05","175.80","170.50","49.38M","1.27%"
"22-05-2024","173.30","175.45","175.50","171.50","42.92M","-0.60%"
"21-05-2024","174.35","168.50","175.20","167.95","84.83M","3.84%"
"18-05-2024","167.90","168.00","168.30","167.30","3.60M","0.33%"
"17-05-2024","167.35","166.60","168.45","165.45","39.18M","0.87%"
"16-05-2024","165.90","167.25","168.00","162.30","41.13M","0.18%"
"15-05-2024","165.60","164.95","167.55","164.95","29.60M","0.39%"
"14-05-2024","164.95","164.10","166.55","163.50","46.26M","0.67%"
"13-05-2024","163.85","162.45","164.50","158.05","36.56M","0.99%"
"10-05-2024","162.25","163.20","164.35","161.85","31.47M","0.22%"
"09-05-2024","161.90","165.95","166.70","161.50","30.22M","-2.50%"
"08-05-2024","166.05","164.20","167.10","163.50","30.13M","1.10%"
"07-05-2024","164.25","167.95","167.95","162.30","43.61M","-1.91%"
"06-05-2024","167.45","167.80","168.65","164.80","37.59M","0.57%"
"03-05-2024","166.50","168.95","170.75","165.15","62.57M","-0.51%"
"02-05-2024","167.35","165.00","168.90","165.00","69.32M","1.42%"
"30-04-2024","165.00","168.40","168.40","164.50","55.04M","-1.43%"
"29-04-2024","167.40","168.20","169.60","166.90","44.91M","0.97%"
"26-04-2024","165.80","168.00","170.70","165.25","65.36M","-1.13%"
"25-04-2024","167.70","165.40","168.00","164.15","50.13M","1.30%"
"24-04-2024","165.55","162.45","166.90","161.45","59.90M","2.73%"
"23-04-2024","161.15","163.50","163.50","160.80","30.30M","-0.43%"
"22-04-2024","161.85","163.80","164.70","161.50","39.31M","-0.15%"
"19-04-2024","162.10","160.00","162.50","157.30","60.08M","1.28%"
"18-04-2024","160.05","160.90","164.00","159.15","68.09M","0.00%"
"16-04-2024","160.05","160.85","162.45","159.00","41.39M","-0.50%"
"15-04-2024","160.85","161.80","164.70","158.60","66.43M","-1.62%"
"12-04-2024","163.50","166.00","166.00","163.00","55.32M","-0.94%"
"10-04-2024","165.05","167.30","169.20","164.50","64.14M","-0.57%"
"09-04-2024","166.00","166.00","169.80","165.20","63.89M","0.48%"
"08-04-2024","165.20","166.95","166.95","164.20","48.26M","1.13%"
"05-04-2024","163.35","163.90","164.15","160.80","44.67M","-0.03%"
"04-04-2024","163.40","165.55","165.95","161.00","61.10M","-0.15%"
"03-04-2024","163.65","164.65","166.25","163.10","50.94M","-0.61%"
"02-04-2024","164.65","162.95","165.50","161.80","69.53M","0.92%"
"01-04-2024","163.15","156.80","163.90","156.50","84.58M","4.68%"
"28-03-2024","155.85","152.70","157.00","152.70","62.58M","2.06%"
"27-03-2024","152.70","152.45","154.10","152.00","35.33M","0.20%"
"26-03-2024","152.40","151.15","153.40","150.50","52.97M","0.40%"
"22-03-2024","151.80","149.00","152.75","148.35","68.24M","1.13%"
"21-03-2024","150.10","148.00","151.20","147.80","84.23M","3.06%"
"20-03-2024","145.65","149.60","150.65","143.85","77.55M","-2.08%"
"19-03-2024","148.75","149.00","152.45","147.60","105.00M","-0.63%"
"18-03-2024","149.70","142.55","150.25","142.20","166.91M","5.65%"
"15-03-2024","141.70","142.90","143.70","139.85","68.48M","-0.53%"
"14-03-2024","142.45","143.60","143.95","138.35","91.96M","-0.84%"
"13-03-2024","143.65","152.80","152.90","142.50","70.94M","-5.80%"
"12-03-2024","152.50","154.20","154.55","150.90","34.95M","-0.62%"
"11-03-2024","153.45","158.90","158.90","153.00","54.16M","-2.42%"
"07-03-2024","157.25","152.40","159.15","152.25","124.85M","3.73%"
"06-03-2024","151.60","151.80","152.65","147.90","51.78M","-0.16%"
"05-03-2024","151.85","153.20","154.00","150.75","37.17M","-0.82%"
"04-03-2024","153.10","154.90","154.90","151.05","67.58M","-1.38%"
"02-03-2024","155.25","152.60","156.15","151.10","21.64M","3.53%"
"01-03-2024","149.95","143.00","150.65","143.00","123.71M","6.46%"
"29-02-2024","140.85","140.80","141.85","139.40","32.25M","0.07%"
"28-02-2024","140.75","144.05","144.95","140.05","20.72M","-2.39%"
"27-02-2024","144.20","142.65","144.50","142.00","24.12M","1.09%"
"26-02-2024","142.65","145.85","145.95","142.25","22.57M","-1.93%"
"23-02-2024","145.45","146.40","147.10","145.00","28.41M","-0.31%"
"22-02-2024","145.90","145.00","146.15","143.50","46.73M","1.39%"
"21-02-2024","143.90","141.55","146.20","141.45","88.00M","2.02%"
"20-02-2024","141.05","141.95","142.25","140.05","24.29M","-0.63%"
"19-02-2024","141.95","142.95","143.35","141.35","16.97M","-0.25%"
"16-02-2024","142.30","142.05","143.45","141.50","22.32M","0.78%"
"15-02-2024","141.20","141.50","143.45","141.00","31.59M","0.00%"
"14-02-2024","141.20","137.00","141.50","135.75","29.14M","2.43%"
"13-02-2024","137.85","137.75","138.25","134.10","39.16M","0.33%"
"12-02-2024","137.40","142.00","142.95","136.65","36.48M","-2.76%"
"09-02-2024","141.30","144.20","144.45","139.15","35.96M","-1.64%"
"08-02-2024","143.65","145.30","145.65","143.05","39.00M","-0.52%"
"07-02-2024","144.40","146.85","147.40","144.05","61.52M","-0.17%"
"06-02-2024","144.65","143.00","145.10","140.45","53.19M","2.19%"
"05-02-2024","141.55","140.00","143.35","139.35","80.74M","2.05%"
"02-02-2024","138.70","135.30","139.60","134.80","69.30M","2.89%"
"01-02-2024","134.80","136.40","136.75","134.50","31.70M","-0.85%"
"31-01-2024","135.95","135.00","136.70","134.50","36.08M","0.93%"
"30-01-2024","134.70","135.60","137.70","134.50","35.70M","-0.22%"
"29-01-2024","135.00","134.70","135.40","133.50","29.75M","0.93%"
"25-01-2024","133.75","136.50","136.50","132.00","61.36M","-1.04%"
"24-01-2024","135.15","130.20","135.55","130.10","39.34M","3.88%"
"23-01-2024","130.10","134.80","135.20","129.30","35.37M","-2.87%"
"20-01-2024","133.95","134.25","135.20","133.30","16.58M","-0.22%"
"19-01-2024","134.25","132.60","134.70","131.60","32.65M","2.48%"
"18-01-2024","131.00","131.65","132.25","128.20","45.27M","-0.49%"
"17-01-2024","131.65","135.45","135.75","131.40","58.98M","-4.08%"
"16-01-2024","137.25","134.70","138.50","134.00","56.36M","1.74%"
"15-01-2024","134.90","136.00","136.25","133.95","34.16M","-0.30%"
"12-01-2024","135.30","135.80","136.25","134.65","32.88M","0.30%"
"11-01-2024","134.90","134.85","135.65","134.20","23.11M","0.60%"
"10-01-2024","134.10","133.80","134.70","132.10","27.21M","0.34%"
"09-01-2024","133.65","133.50","134.80","132.50","30.74M","1.25%"
"08-01-2024","132.00","135.30","135.95","131.75","39.56M","-1.23%"
"05-01-2024","133.65","135.00","135.95","132.85","71.33M","-0.45%"
"04-01-2024","134.25","136.00","136.35","134.00","43.91M","-0.81%"
"03-01-2024","135.35","139.50","139.60","134.35","45.18M","-3.04%"
"02-01-2024","139.60","140.50","140.60","137.05","27.76M","-0.18%"
"01-01-2024","139.85","140.00","140.95","139.05","21.19M","0.18%"
"29-12-2023","139.60","138.60","141.25","137.15","49.20M","1.05%"
"28-12-2023","138.15","138.15","138.75","136.85","34.66M","0.69%"
"27-12-2023","137.20","135.85","138.90","135.50","48.10M","1.48%"
"26-12-2023","135.20","134.70","136.10","134.45","25.94M","1.24%"
"22-12-2023","133.55","132.40","134.75","131.75","37.36M","1.95%"
"21-12-2023","131.00","128.70","131.45","127.85","34.91M","0.96%"
"20-12-2023","129.75","135.90","136.15","128.75","39.50M","-4.17%"
"19-12-2023","135.40","136.65","137.60","134.80","27.73M","-0.88%"
"18-12-2023","136.60","136.85","137.60","135.10","38.46M","0.11%"
"15-12-2023","136.45","133.40","136.75","133.00","77.38M","3.37%"
"14-12-2023","132.00","132.30","133.25","131.50","43.37M","0.46%"
"13-12-2023","131.40","130.55","131.50","129.15","22.77M","1.00%"
"12-12-2023","130.10","130.05","132.15","129.70","30.70M","0.04%"
"11-12-2023","130.05","129.85","130.50","128.75","24.04M","0.66%"
"08-12-2023","129.20","130.15","131.40","127.95","34.39M","-0.62%"
"07-12-2023","130.00","131.70","132.20","129.80","34.69M","-1.40%"
"06-12-2023","131.85","132.50","133.40","130.80","40.75M","0.19%"
"05-12-2023","131.60","131.00","132.45","130.00","35.19M","0.46%"
"04-12-2023","131.00","132.20","132.35","130.40","41.23M","0.77%"
"01-12-2023","130.00","128.90","130.30","128.05","31.19M","1.64%"
"30-11-2023","127.90","127.80","128.85","126.50","40.17M","0.12%"
"29-11-2023","127.75","127.15","128.15","126.70","23.09M","0.71%"
"28-11-2023","126.85","127.00","127.00","126.00","18.38M","0.71%"
"24-11-2023","125.95","126.70","127.00","125.55","14.72M","-0.59%"
"23-11-2023","126.70","126.35","127.40","125.90","30.74M","0.48%"
"22-11-2023","126.10","126.40","126.90","125.50","19.59M","-0.12%"
"21-11-2023","126.25","125.05","126.40","124.95","29.64M","1.53%"
"20-11-2023","124.35","125.05","125.65","124.05","18.78M","-0.68%"
"17-11-2023","125.20","124.70","125.75","124.30","23.32M","0.40%"
"16-11-2023","124.70","124.00","125.25","123.00","30.84M","0.52%"
"15-11-2023","124.05","121.70","124.40","121.50","38.34M","2.52%"
"13-11-2023","121.00","120.85","121.25","119.90","17.95M","0.12%"
"12-11-2023","120.85","121.60","121.60","120.60","3.97M","0.67%"
"10-11-2023","120.05","119.50","120.45","118.80","23.58M","0.33%"
"09-11-2023","119.65","119.20","120.50","118.85","22.98M","0.50%"
"08-11-2023","119.05","119.75","120.50","118.55","22.55M","-0.50%"
"07-11-2023","119.65","119.30","120.20","118.40","25.82M","0.21%"
"06-11-2023","119.40","118.50","119.65","117.50","27.88M","1.79%"
"03-11-2023","117.30","118.20","118.60","117.10","31.75M","-0.68%"
"02-11-2023","118.10","114.60","118.55","114.60","72.54M","1.29%"
"01-11-2023","116.60","119.00","119.10","116.00","24.72M","-1.81%"
"31-10-2023","118.75","120.00","120.15","118.40","22.32M","-0.34%"
"30-10-2023","119.15","121.05","121.25","118.95","18.75M","-0.63%"
"27-10-2023","119.90","120.50","121.80","119.50","28.42M","0.00%"
"26-10-2023","119.90","120.85","120.90","118.90","36.30M","-1.19%"
"25-10-2023","121.35","121.20","122.80","120.75","27.35M","1.12%"
"23-10-2023","120.00","123.35","123.40","119.70","30.70M","-2.52%"
"20-10-2023","123.10","125.00","125.75","122.70","30.75M","-2.30%"
"19-10-2023","126.00","125.50","126.50","124.35","30.94M","-0.87%"
"18-10-2023","127.10","127.85","128.70","126.60","20.93M","-0.24%"
"17-10-2023","127.40","127.90","128.55","127.00","24.24M","0.31%"
"16-10-2023","127.00","125.10","127.25","124.95","23.87M","1.56%"
"13-10-2023","125.05","125.00","125.75","124.00","26.91M","-0.68%"
"12-10-2023","125.90","125.35","126.90","125.10","19.36M","0.76%"
"11-10-2023","124.95","126.00","126.30","124.70","24.46M","-0.28%"
"10-10-2023","125.30","124.70","125.90","123.75","28.75M","1.17%"
"09-10-2023","123.85","124.80","124.90","122.60","21.46M","-1.63%"
"06-10-2023","125.90","126.50","127.00","125.10","21.93M","0.52%"
"05-10-2023","125.25","125.90","126.15","124.55","27.06M","-0.04%"
"04-10-2023","125.30","127.00","127.10","124.50","33.27M","-2.11%"
"03-10-2023","128.00","129.00","129.10","127.25","18.61M","-0.70%"
"29-09-2023","128.90","128.20","129.55","127.55","28.41M","1.66%"
"28-09-2023","126.80","128.35","129.30","126.30","29.98M","-1.05%"
"27-09-2023","128.15","128.75","128.75","126.70","33.28M","-0.58%"
"26-09-2023","128.90","129.00","130.55","128.40","48.94M","1.18%"
"25-09-2023","127.40","127.30","128.30","126.10","23.47M","0.51%"
"22-09-2023","126.75","127.15","128.70","125.50","34.06M","-0.82%"
"21-09-2023","127.80","128.30","129.25","127.20","29.83M","-0.39%"
"20-09-2023","128.30","130.45","131.80","128.00","43.63M","-1.65%"
"18-09-2023","130.45","135.00","135.00","130.05","62.42M","-1.14%"
"15-09-2023","131.95","132.60","133.30","129.85","85.06M","0.19%"
"14-09-2023","131.70","131.00","134.20","130.80","58.80M","1.66%"
"13-09-2023","129.55","129.60","130.50","127.70","23.37M","0.43%"
"12-09-2023","129.00","132.80","133.15","128.65","38.07M","-1.64%"
"11-09-2023","131.15","129.50","131.85","129.20","33.38M","1.27%"
"08-09-2023","129.50","131.40","131.65","129.20","34.31M","-0.50%"
"07-09-2023","130.15","129.50","130.80","128.60","30.27M","0.42%"
"06-09-2023","129.60","132.40","132.40","128.20","36.06M","-1.59%"
"05-09-2023","131.70","131.75","132.45","128.85","36.47M","-0.04%"
"04-09-2023","131.75","129.20","132.90","128.85","68.53M","3.70%"
"01-09-2023","127.05","123.50","128.70","123.40","76.46M","3.38%"
"31-08-2023","122.90","122.85","123.60","122.15","60.63M","0.66%"
"30-08-2023","122.10","120.50","122.70","120.25","51.47M","2.13%"
"29-08-2023","119.55","118.50","120.15","117.75","36.04M","1.66%"
"28-08-2023","117.60","117.00","118.25","117.00","19.22M","0.60%"
"25-08-2023","116.90","118.00","118.15","116.70","23.69M","-1.14%"
"24-08-2023","118.25","119.50","120.10","118.05","27.10M","-0.59%"
"23-08-2023","118.95","117.85","119.25","117.65","43.74M","1.19%"
"22-08-2023","117.55","117.15","117.75","116.50","17.34M","0.56%"
"21-08-2023","116.90","116.75","117.10","115.85","22.63M","0.95%"
"18-08-2023","115.80","116.30","116.40","114.75","30.38M","-0.22%"
"17-08-2023","116.05","115.90","116.80","114.70","28.46M","0.09%"
"16-08-2023","115.95","117.95","117.95","115.40","31.25M","-1.86%"
"14-08-2023","118.15","120.30","120.40","117.35","33.10M","-1.79%"
"11-08-2023","120.30","120.30","121.40","119.15","26.34M","0.25%"
"10-08-2023","120.00","120.00","120.65","119.25","24.44M","-0.17%"
"09-08-2023","120.20","118.35","120.50","116.90","34.15M","1.74%"
"08-08-2023","118.15","119.00","119.50","117.95","21.28M","-0.59%"
"07-08-2023","118.85","119.60","119.60","118.00","20.71M","-0.13%"
"04-08-2023","119.00","119.40","119.75","118.00","22.30M","0.68%"
"03-08-2023","118.20","118.70","119.65","117.50","34.62M","-0.63%"
"02-08-2023","118.95","122.90","122.90","118.25","54.95M","-3.45%"
"01-08-2023","123.20","123.55","124.15","122.55","27.86M","0.04%"
"31-07-2023","123.15","120.60","123.85","120.60","52.33M","2.11%"
"28-07-2023","120.60","120.20","121.10","118.70","34.00M","0.67%"
"27-07-2023","119.80","120.25","121.45","119.15","39.66M","-0.13%"
"26-07-2023","119.95","119.80","120.60","118.85","29.72M","0.59%"
"25-07-2023","119.25","115.00","119.90","114.35","88.04M","3.25%"
"24-07-2023","115.50","116.50","116.50","114.35","38.11M","-0.94%"
"21-07-2023","116.60","116.60","117.95","115.50","31.55M","-0.30%"
"20-07-2023","116.95","116.70","117.25","116.35","22.30M","0.21%"
"19-07-2023","116.70","116.70","117.20","116.10","17.22M","0.09%"
"18-07-2023","116.60","118.00","118.15","116.40","23.43M","-0.98%"
"17-07-2023","117.75","117.95","119.35","117.10","49.12M","0.51%"
"14-07-2023","117.15","115.70","117.90","114.80","34.52M","2.00%"
"13-07-2023","114.85","116.00","116.95","114.50","44.85M","0.13%"
"12-07-2023","114.70","115.15","116.05","114.00","32.77M","-0.39%"
"11-07-2023","115.15","115.60","116.10","114.80","38.00M","-0.13%"
"10-07-2023","115.30","112.25","115.70","111.65","60.65M","3.32%"
"07-07-2023","111.60","112.00","113.30","111.25","30.03M","-0.93%"
"06-07-2023","112.65","112.00","112.85","111.50","34.32M","-0.27%"
"05-07-2023","112.95","112.55","113.55","112.20","27.88M","0.49%"
"04-07-2023","112.40","113.20","113.40","112.10","25.08M","-0.62%"
"03-07-2023","113.10","112.25","114.25","112.05","30.98M","0.98%"
"30-06-2023","112.00","111.60","112.20","110.40","26.74M","0.40%"
"28-06-2023","111.55","111.50","112.05","110.90","23.90M","0.72%"
"27-06-2023","110.75","110.60","111.50","110.15","24.13M","0.82%"
"26-06-2023","109.85","109.60","110.20","108.10","25.33M","0.23%"
"23-06-2023","109.60","110.50","110.75","109.20","22.19M","-1.35%"
"22-06-2023","111.10","110.60","112.20","110.55","34.77M","-2.46%"
"21-06-2023","113.90","114.90","114.90","112.85","35.63M","-0.31%"
"20-06-2023","114.25","114.10","115.25","113.50","30.37M","0.13%"
"19-06-2023","114.10","115.45","115.60","113.05","33.50M","-0.13%"
"16-06-2023","114.25","114.40","114.80","113.85","31.72M","0.44%"
"15-06-2023","113.75","113.90","114.20","113.25","39.43M","-0.04%"
"14-06-2023","113.80","111.50","114.00","111.40","66.70M","2.38%"
"13-06-2023","111.15","110.00","111.85","109.65","30.02M","1.51%"
"12-06-2023","109.50","109.15","110.60","109.15","23.47M","0.55%"
"09-06-2023","108.90","111.25","111.65","108.65","36.39M","-2.02%"
"08-06-2023","111.15","111.50","113.00","110.95","46.38M","-0.31%"
"07-06-2023","111.50","109.50","111.75","108.90","45.16M","2.29%"
"06-06-2023","109.00","109.75","109.85","108.30","26.75M","-0.37%"
"05-06-2023","109.40","108.65","109.90","107.80","39.64M","1.30%"
"02-06-2023","108.00","106.50","108.30","106.50","46.69M","1.93%"
"01-06-2023","105.95","105.90","106.70","105.80","21.21M","0.14%"
"31-05-2023","105.80","106.40","106.95","105.60","41.25M","-1.17%"
"30-05-2023","107.05","108.95","108.95","106.90","33.48M","-1.29%"
"29-05-2023","108.45","107.00","108.85","106.30","41.06M","1.93%"
"26-05-2023","106.40","105.00","106.75","104.95","28.36M","1.48%"
"25-05-2023","104.85","105.00","105.20","104.30","25.89M","-0.33%"
"24-05-2023","105.20","105.10","105.80","104.90","28.45M","-0.38%"
"23-05-2023","105.60","105.10","106.05","105.00","21.30M","0.57%"
"22-05-2023","105.00","105.00","105.25","104.30","21.59M","0.33%"
"19-05-2023","104.65","105.60","105.70","104.05","29.85M","-0.52%"
"18-05-2023","105.20","106.50","107.15","105.10","24.21M","-0.75%"
"17-05-2023","106.00","107.40","107.50","105.55","28.90M","-1.30%"
"16-05-2023","107.40","108.20","108.65","107.20","18.59M","-0.28%"
"15-05-2023","107.70","107.05","108.20","105.65","22.15M","0.89%"
"12-05-2023","106.75","108.35","108.40","106.55","36.79M","-1.66%"
"11-05-2023","108.55","109.20","109.50","108.25","19.82M","-0.64%"
"10-05-2023","109.25","109.60","110.00","108.60","19.21M","-0.27%"
"09-05-2023","109.55","109.60","111.20","109.15","28.00M","0.00%"
"08-05-2023","109.55","109.25","109.85","108.25","23.13M","0.83%"
"05-05-2023","108.65","110.85","110.85","108.40","32.96M","-2.16%"
"04-05-2023","111.05","110.00","111.90","109.50","38.64M","1.23%"
"03-05-2023","109.70","109.80","111.00","108.75","51.27M","-0.54%"
"02-05-2023","110.30","108.00","110.85","108.00","52.82M","2.18%"
"28-04-2023","107.95","107.80","108.50","107.30","30.07M","0.28%"
"27-04-2023","107.65","106.30","107.85","106.30","22.36M","0.75%"
"26-04-2023","106.85","106.50","107.05","105.85","23.59M","-0.19%"
"25-04-2023","107.05","106.70","107.60","106.25","23.33M","0.52%"
"24-04-2023","106.50","106.40","106.70","105.35","23.48M","0.33%"
"21-04-2023","106.15","108.00","108.10","105.35","37.64M","-1.71%"
"20-04-2023","108.00","108.20","108.70","107.40","18.34M","-0.09%"
"19-04-2023","108.10","107.85","110.40","107.75","62.10M","0.46%"
"18-04-2023","107.60","107.20","107.90","106.85","25.48M","0.42%"
"17-04-2023","107.15","107.60","108.30","106.75","24.64M","-0.33%"
"13-04-2023","107.50","107.50","108.15","105.90","34.88M","-0.09%"
"12-04-2023","107.60","108.20","108.40","106.95","27.35M","0.05%"
"11-04-2023","107.55","105.55","107.85","105.10","49.31M","2.48%"
"10-04-2023","104.95","104.50","105.75","104.50","19.99M","0.57%"
"06-04-2023","104.35","104.85","105.10","104.20","21.05M","-0.48%"
"05-04-2023","104.85","104.10","105.00","103.20","25.19M","0.72%"
"03-04-2023","104.10","105.10","105.25","103.80","21.84M","-0.38%"
"31-03-2023","104.50","105.00","105.50","104.10","34.58M","0.87%"
"29-03-2023","103.60","102.50","104.50","101.65","37.22M","1.07%"
"28-03-2023","102.50","102.85","103.10","102.35","18.70M","0.20%"
"27-03-2023","102.30","102.55","103.40","102.10","24.75M","0.20%"
"24-03-2023","102.10","105.00","105.05","101.55","39.01M","-2.67%"
"23-03-2023","104.90","104.40","105.50","104.35","20.91M","0.10%"
"22-03-2023","104.80","104.75","105.95","104.40","25.89M","0.05%"
"21-03-2023","104.75","105.10","105.40","104.30","26.43M","0.24%"
"20-03-2023","104.50","106.10","106.45","103.85","41.57M","-2.34%"
"17-03-2023","107.00","106.45","107.35","105.00","48.96M","1.86%"
"16-03-2023","105.05","107.25","107.25","103.70","81.09M","-3.31%"
"15-03-2023","108.65","107.50","109.15","107.40","38.93M","2.11%"
"14-03-2023","106.40","107.00","108.55","106.20","48.59M","-0.37%"
"13-03-2023","106.80","108.25","109.00","106.35","34.55M","-1.20%"
"10-03-2023","108.10","107.00","108.35","106.60","47.70M","-0.09%"
"09-03-2023","108.20","107.85","108.95","107.50","51.97M","1.60%"
"08-03-2023","106.50","105.30","106.90","104.00","43.94M","0.80%"
"06-03-2023","105.65","107.50","107.60","105.00","106.87M","-1.26%"
"03-03-2023","107.00","106.00","107.45","105.00","117.18M","2.25%"
"02-03-2023","104.65","106.05","106.90","104.35","55.28M","-0.81%"
"01-03-2023","105.50","104.70","107.10","104.50","76.18M","1.49%"
"28-02-2023","103.95","106.85","107.05","103.55","76.54M","-2.03%"
"27-02-2023","106.10","109.80","110.05","105.15","56.22M","-3.33%"
"24-02-2023","109.75","112.50","112.90","109.55","34.33M","-2.05%"
"23-02-2023","112.05","111.55","113.65","111.35","30.85M","0.81%"
"22-02-2023","111.15","113.25","113.70","110.65","24.39M","-1.77%"
"21-02-2023","113.15","112.90","114.20","112.75","29.83M","0.71%"
"20-02-2023","112.35","112.30","112.70","111.05","19.90M","0.09%"
"17-02-2023","112.25","111.55","113.10","111.30","34.11M","0.22%"
"16-02-2023","112.00","111.00","112.20","110.65","30.96M","1.54%"
"15-02-2023","110.30","109.00","110.60","108.80","35.54M","0.96%"
"14-02-2023","109.25","109.55","109.90","108.25","31.16M","0.46%"
"13-02-2023","108.75","108.80","110.60","108.40","56.19M","-0.05%"
"10-02-2023","108.80","111.00","111.25","108.30","60.81M","-2.20%"
"09-02-2023","111.25","112.15","112.95","109.95","64.71M","-0.18%"
"08-02-2023","111.45","111.45","112.75","110.10","66.52M","0.00%"
"07-02-2023","111.45","112.60","115.35","110.55","110.95M","-5.11%"
"06-02-2023","117.45","120.00","120.00","117.00","49.55M","-2.41%"
"03-02-2023","120.35","120.05","121.00","117.20","46.98M","0.33%"
"02-02-2023","119.95","121.95","122.50","118.40","38.77M","-1.72%"
"01-02-2023","122.05","120.10","124.15","119.30","72.92M","1.96%"
"31-01-2023","119.70","118.75","120.45","117.75","43.99M","0.80%"
"30-01-2023","118.75","120.45","121.10","116.90","46.55M","-1.57%"
"27-01-2023","120.65","121.90","123.25","119.10","58.77M","-0.29%"
"25-01-2023","121.00","120.35","122.25","120.10","46.52M","0.50%"
"24-01-2023","120.40","122.50","122.55","120.10","27.71M","-1.31%"
"23-01-2023","122.00","123.40","123.85","121.50","28.60M","-0.77%"
"20-01-2023","122.95","123.40","124.20","122.00","37.78M","-0.49%"
"19-01-2023","123.55","121.80","124.30","121.15","53.56M","0.90%"
"18-01-2023","122.45","120.00","123.00","120.00","64.75M","2.60%"
"17-01-2023","119.35","119.75","119.90","118.00","27.88M","-0.50%"
"16-01-2023","119.95","121.45","121.45","118.80","44.36M","-0.42%"
"13-01-2023","120.45","118.55","121.60","118.15","68.88M","1.99%"
"12-01-2023","118.10","118.95","119.25","117.60","33.74M","-0.63%"
"11-01-2023","118.85","119.45","120.35","118.00","49.32M","0.00%"
"10-01-2023","118.85","117.65","119.75","117.55","56.75M","1.11%"
"09-01-2023","117.55","116.90","118.10","116.55","37.76M","1.64%"
"06-01-2023","115.65","117.00","117.85","115.25","58.55M","-0.77%"
"05-01-2023","116.55","116.50","117.00","114.50","58.81M","0.69%"
"04-01-2023","115.75","118.75","119.05","115.35","55.63M","-2.28%"
"03-01-2023","118.45","119.80","120.50","117.75","74.42M","-0.67%"
"02-01-2023","119.25","114.40","119.70","113.75","143.44M","5.86%"
"30-12-2022","112.65","112.90","114.75","112.10","56.05M","0.81%"
"29-12-2022","111.75","109.00","112.00","108.85","51.75M","1.59%"
"28-12-2022","110.00","111.05","112.30","109.70","50.66M","-1.03%"
"27-12-2022","111.15","106.65","111.55","105.85","76.03M","5.86%"
"26-12-2022","105.00","102.80","105.55","101.65","34.00M","2.69%"
"23-12-2022","102.25","106.00","106.75","101.95","46.76M","-5.02%"
"22-12-2022","107.65","110.00","110.60","106.35","39.64M","-1.60%"
"21-12-2022","109.40","111.80","112.00","108.70","32.30M","-1.40%"
"20-12-2022","110.95","111.15","111.50","109.00","34.84M","-0.76%"
"19-12-2022","111.80","111.05","112.10","110.80","17.30M","0.68%"
"16-12-2022","111.05","110.35","112.10","109.45","34.74M","0.09%"
"15-12-2022","110.95","112.65","113.45","110.70","34.36M","-1.86%"
"14-12-2022","113.05","111.60","113.20","111.10","38.61M","1.66%"
"13-12-2022","111.20","112.55","112.85","110.80","32.26M","-0.45%"
"12-12-2022","111.70","110.20","112.10","108.70","37.08M","1.13%"
"09-12-2022","110.45","112.80","113.75","109.70","35.67M","-1.25%"
"08-12-2022","111.85","111.75","113.00","110.80","32.42M","0.58%"
"07-12-2022","111.20","113.40","113.50","110.85","39.49M","-1.55%"
"06-12-2022","112.95","115.35","115.35","112.25","50.58M","-2.50%"
"05-12-2022","115.85","113.30","116.10","112.65","96.44M","3.44%"
"02-12-2022","112.00","110.80","112.50","110.15","70.54M","1.13%"
"01-12-2022","110.75","108.70","111.30","108.00","91.70M","2.88%"
"30-11-2022","107.65","106.10","107.95","105.90","61.14M","1.46%"
"29-11-2022","106.10","105.00","107.65","104.95","40.66M","1.14%"
"28-11-2022","104.90","106.00","106.40","104.50","33.52M","-1.22%"
"25-11-2022","106.20","105.60","106.50","105.10","27.36M","0.66%"
"24-11-2022","105.50","105.85","105.95","104.60","23.74M","0.05%"
"23-11-2022","105.45","105.70","106.00","104.95","22.81M","0.24%"
"22-11-2022","105.20","104.40","105.40","103.55","27.85M","0.91%"
"21-11-2022","104.25","107.70","107.70","103.85","58.40M","-1.18%"
"18-11-2022","105.50","105.85","106.30","104.70","28.99M","-0.33%"
"17-11-2022","105.85","105.90","106.80","104.50","32.89M","-0.66%"
"16-11-2022","106.55","108.45","108.80","105.20","40.40M","-1.84%"
"15-11-2022","108.55","109.00","109.35","107.20","35.01M","-0.14%"
"14-11-2022","108.70","108.50","110.00","108.25","55.47M","1.07%"
"11-11-2022","107.55","106.25","108.20","106.25","77.93M","2.72%"
"10-11-2022","104.70","105.20","106.00","104.45","27.86M","-1.32%"
"09-11-2022","106.10","107.25","107.55","105.55","38.30M","-0.56%"
"07-11-2022","106.70","105.90","107.45","104.60","74.43M","1.86%"
"04-11-2022","104.75","102.50","105.00","102.20","70.30M","2.70%"
"03-11-2022","102.00","100.75","102.45","100.00","39.11M","0.74%"
"02-11-2022","101.25","101.00","103.00","100.80","42.34M","0.05%"
"01-11-2022","101.20","98.55","101.45","98.55","69.03M","-0.34%"
"31-10-2022","101.55","101.90","102.15","100.30","38.72M","-0.05%"
"28-10-2022","101.60","104.10","104.60","100.80","51.01M","-2.50%"
"27-10-2022","104.20","102.25","104.65","102.05","74.35M","2.96%"
"25-10-2022","101.20","101.15","102.50","100.70","37.16M","0.00%"
"24-10-2022","101.20","102.00","102.10","101.00","7.48M","1.00%"
"21-10-2022","100.20","100.85","101.45","99.35","30.97M","-0.69%"
"20-10-2022","100.90","99.50","101.20","98.80","38.09M","0.85%"
"19-10-2022","100.05","100.60","101.25","99.70","38.76M","-0.60%"
"18-10-2022","100.65","100.30","101.00","99.80","30.72M","1.10%"
"17-10-2022","99.55","99.75","100.40","98.10","37.57M","-0.55%"
"14-10-2022","100.10","101.85","102.80","99.90","32.46M","0.00%"
"13-10-2022","100.10","101.10","101.80","98.80","34.67M","-0.45%"
"12-10-2022","100.55","100.35","101.20","99.00","41.36M","0.20%"
"11-10-2022","100.35","103.55","103.65","99.80","41.08M","-2.76%"
"10-10-2022","103.20","102.00","103.50","101.15","36.64M","-0.10%"
"07-10-2022","103.30","103.30","103.50","101.90","36.08M","-0.24%"
"06-10-2022","103.55","102.00","103.80","101.75","48.17M","2.37%"
"04-10-2022","101.15","100.30","101.50","100.00","40.19M","2.85%"
"03-10-2022","98.35","99.60","99.65","98.00","37.28M","-0.96%"
"30-09-2022","99.30","96.85","100.40","95.70","66.44M","2.53%"
"29-09-2022","96.85","97.00","98.25","96.40","60.88M","1.73%"
"28-09-2022","95.20","96.55","97.85","95.00","71.72M","-2.51%"
"27-09-2022","97.65","101.35","101.35","96.50","104.95M","-2.20%"
"26-09-2022","99.85","104.40","104.45","98.50","101.29M","-4.27%"
"23-09-2022","104.30","106.20","107.90","103.75","109.77M","0.68%"
"22-09-2022","103.60","104.45","105.30","103.50","61.38M","-0.81%"
"21-09-2022","104.45","105.80","107.20","104.30","46.14M","-1.28%"
"20-09-2022","105.80","104.20","106.35","104.00","52.14M","2.62%"
"19-09-2022","103.10","106.20","106.20","103.00","51.15M","-2.46%"
"16-09-2022","105.70","106.20","107.50","105.00","107.97M","-1.21%"
"15-09-2022","107.00","108.65","109.00","106.50","62.93M","-1.97%"
"14-09-2022","109.15","106.30","110.40","105.80","86.38M","1.30%"
"13-09-2022","107.75","108.00","108.70","107.55","44.18M","0.00%"
"12-09-2022","107.75","106.80","107.95","106.50","40.84M","1.94%"
"09-09-2022","105.70","107.00","107.35","105.50","63.65M","-0.14%"
"08-09-2022","105.85","108.40","108.40","105.35","71.23M","-1.63%"
"07-09-2022","107.60","107.55","108.90","107.10","43.95M","-0.92%"
"06-09-2022","108.60","107.40","108.80","106.05","59.51M","1.59%"
"05-09-2022","106.90","106.05","107.30","105.80","40.35M","1.33%"
"02-09-2022","105.50","107.00","107.00","105.00","45.60M","-0.85%"
"01-09-2022","106.40","107.00","107.75","105.90","52.45M","-1.75%"
"30-08-2022","108.30","106.50","108.50","106.05","67.40M","3.29%"
"29-08-2022","104.85","104.05","105.65","103.25","59.90M","-2.33%"
"26-08-2022","107.35","107.25","109.20","107.10","71.26M","1.04%"
"25-08-2022","106.25","107.05","107.90","105.75","42.19M","-0.28%"
"24-08-2022","106.55","107.55","108.15","105.75","55.69M","-0.98%"
"23-08-2022","107.60","104.20","108.25","103.50","70.53M","2.43%"
"22-08-2022","105.05","109.50","109.60","104.70","74.04M","-4.54%"
"19-08-2022","110.05","112.55","112.90","109.55","57.13M","-2.22%"
"18-08-2022","112.55","112.50","113.00","111.40","49.40M","0.04%"
"17-08-2022","112.50","113.50","113.50","112.25","54.01M","-0.44%"
"16-08-2022","113.00","113.70","113.70","111.10","69.21M","0.31%"
"12-08-2022","112.65","109.35","112.90","108.80","95.94M","3.25%"
"11-08-2022","109.10","110.30","110.65","108.60","75.32M","-0.09%"
"10-08-2022","109.20","107.90","109.90","106.50","73.88M","1.87%"
"08-08-2022","107.20","107.85","108.15","106.70","41.38M","-0.14%"
"05-08-2022","107.35","107.65","109.25","107.10","54.47M","-0.32%"
"04-08-2022","107.70","107.50","109.50","106.05","79.53M","0.61%"
"03-08-2022","107.05","107.00","108.45","106.00","61.43M","0.05%"
"02-08-2022","107.00","108.00","108.00","105.35","64.94M","-1.15%"
"01-08-2022","108.25","110.50","111.45","106.15","125.37M","0.60%"
"29-07-2022","107.60","103.00","109.30","102.15","166.96M","7.22%"
"28-07-2022","100.35","98.10","102.00","97.15","137.16M","4.60%"
"27-07-2022","95.94","95.10","96.15","94.36","52.56M","1.04%"
"26-07-2022","94.95","97.20","97.67","94.61","126.26M","-1.17%"
"25-07-2022","96.07","93.50","96.49","93.36","99.64M","2.63%"
"22-07-2022","93.61","94.25","94.40","93.20","48.61M","0.19%"
"21-07-2022","93.43","93.00","93.89","92.45","50.88M","0.63%"
"20-07-2022","92.85","93.60","93.80","92.52","77.09M","0.98%"
"19-07-2022","91.94","90.10","92.19","90.10","85.34M","1.68%"
"18-07-2022","90.43","89.70","90.80","89.22","73.06M","2.32%"
"15-07-2022","88.38","90.50","91.03","87.75","81.25M","-2.67%"
"14-07-2022","90.80","91.00","91.10","89.50","74.50M","0.35%"
"13-07-2022","90.49","90.60","91.42","90.07","70.14M","0.30%"
"12-07-2022","90.21","90.49","91.60","89.36","100.18M","-1.17%"
"11-07-2022","91.28","88.52","92.90","87.50","150.19M","3.03%"
"08-07-2022","88.59","91.79","91.79","88.05","112.00M","-1.57%"
"07-07-2022","90.00","86.70","90.65","85.85","111.01M","4.88%"
"06-07-2022","85.82","85.85","86.11","83.81","81.44M","-0.23%"
"05-07-2022","86.01","86.20","87.92","85.78","79.06M","0.66%"
"04-07-2022","85.46","86.85","87.12","84.33","77.55M","-2.10%"
"01-07-2022","87.29","86.69","87.50","85.91","54.76M","0.67%"
"30-06-2022","86.71","88.15","89.45","86.33","84.67M","-1.65%"
"29-06-2022","88.16","87.00","88.88","86.85","72.32M","0.31%"
"28-06-2022","87.89","86.60","88.44","86.04","84.65M","1.27%"
"27-06-2022","86.79","87.05","87.89","86.31","72.81M","1.76%"
"24-06-2022","85.29","85.00","86.47","84.46","85.43M","1.37%"
"23-06-2022","84.13","84.00","85.60","82.70","111.52M","0.38%"
"22-06-2022","83.81","87.29","87.39","83.57","109.88M","-5.28%"
"21-06-2022","88.48","87.50","89.55","86.40","124.53M","2.72%"
"20-06-2022","86.14","90.50","90.50","84.26","139.87M","-5.00%"
"17-06-2022","90.67","89.80","92.74","89.55","121.29M","0.55%"
"16-06-2022","90.17","97.50","97.50","89.82","122.74M","-6.03%"
"15-06-2022","95.96","95.39","97.43","95.07","92.44M","-3.67%"
"14-06-2022","99.61","98.82","101.37","98.56","77.20M","0.42%"
"13-06-2022","99.19","100.43","101.20","99.00","82.24M","-3.10%"
"10-06-2022","102.37","103.00","103.14","101.07","95.23M","-2.02%"
"09-06-2022","104.49","107.50","108.72","104.12","98.55M","-3.86%"
"08-06-2022","108.68","108.10","108.89","107.40","64.73M","1.71%"
"07-06-2022","106.85","106.70","108.15","106.36","43.34M","-0.89%"
"06-06-2022","107.81","106.50","108.29","104.92","57.26M","1.01%"
"03-06-2022","106.73","109.20","109.28","106.50","53.95M","-1.32%"
"02-06-2022","108.15","106.78","108.47","105.91","79.18M","1.69%"
"01-06-2022","106.36","106.55","107.90","105.33","94.06M","0.75%"
"31-05-2022","105.57","104.50","107.19","103.70","121.25M","0.78%"
"30-05-2022","104.75","105.90","106.38","104.35","72.70M","0.38%"
"27-05-2022","104.35","106.25","106.76","103.20","74.77M","-0.81%"
"26-05-2022","105.20","100.70","106.75","99.53","150.54M","5.29%"
"25-05-2022","99.91","100.64","101.83","99.18","99.34M","-0.72%"
"24-05-2022","100.64","103.10","103.99","100.20","123.12M","-1.62%"
"23-05-2022","102.29","109.70","109.70","100.15","273.88M","-12.61%"
"20-05-2022","117.06","116.24","117.84","114.12","65.53M","4.32%"
"19-05-2022","112.21","115.10","115.49","111.52","66.55M","-4.92%"
"18-05-2022","118.03","119.70","120.90","117.50","81.58M","-0.71%"
"17-05-2022","118.87","112.40","119.72","111.54","112.88M","7.72%"
"16-05-2022","110.35","111.90","113.48","109.40","62.67M","0.59%"
"13-05-2022","109.70","113.50","115.18","109.20","82.92M","-1.85%"
"12-05-2022","111.77","115.69","116.24","110.30","94.19M","-4.12%"
"11-05-2022","116.57","117.50","119.09","112.34","107.06M","0.07%"
"10-05-2022","116.49","125.10","125.46","115.86","145.54M","-6.98%"
"09-05-2022","125.22","126.00","127.42","124.40","50.55M","-2.45%"
"06-05-2022","128.37","126.80","129.00","124.30","69.26M","-0.04%"
"05-05-2022","128.43","128.00","131.65","127.80","87.34M","1.82%"
"04-05-2022","126.14","132.73","133.00","125.45","138.37M","-2.61%"
"02-05-2022","129.52","125.70","130.27","124.88","54.43M","1.90%"
"29-04-2022","127.11","126.80","129.17","126.57","57.17M","0.81%"
"28-04-2022","126.08","125.95","126.86","124.30","51.30M","1.13%"
"27-04-2022","124.67","122.70","125.50","121.04","71.21M","1.06%"
"26-04-2022","123.36","123.50","124.17","122.50","44.81M","1.09%"
"25-04-2022","122.04","125.00","126.29","121.28","72.31M","-4.48%"
"22-04-2022","127.75","130.16","131.15","127.38","55.85M","-1.89%"
"21-04-2022","130.21","131.60","132.27","128.59","66.69M","-0.92%"
"20-04-2022","131.43","132.97","133.65","130.30","54.10M","-0.93%"
"19-04-2022","132.66","135.26","136.66","130.90","64.77M","-0.93%"
"18-04-2022","133.91","133.19","135.80","132.88","80.70M","1.49%"
"13-04-2022","131.95","133.49","134.60","131.50","44.94M","-0.06%"
"12-04-2022","132.02","135.30","135.99","129.61","69.19M","-2.77%"
"11-04-2022","135.79","137.07","138.40","135.30","44.78M","-0.94%"
"08-04-2022","137.07","136.10","137.99","135.63","52.29M","1.57%"
"07-04-2022","134.95","137.70","138.10","134.10","55.65M","-1.55%"
"06-04-2022","137.07","135.00","138.67","134.68","114.10M","1.92%"
"05-04-2022","134.49","134.85","135.80","132.93","63.30M","0.22%"
"04-04-2022","134.19","131.71","135.40","131.45","69.67M","1.88%"
"01-04-2022","131.71","131.00","134.09","130.54","55.32M","0.76%"
"31-03-2022","130.72","130.80","132.04","130.01","40.07M","-0.06%"
"30-03-2022","130.80","133.50","133.55","130.00","58.48M","-1.99%"
"29-03-2022","133.46","134.40","134.62","132.70","43.20M","-0.32%"
"28-03-2022","133.90","134.00","135.50","132.76","46.55M","0.00%"
"25-03-2022","133.90","135.49","136.60","133.35","69.46M","-0.86%"
"24-03-2022","135.05","133.10","135.95","132.60","94.61M","1.47%"
"23-03-2022","133.10","132.40","134.78","129.24","130.55M","2.23%"
"22-03-2022","130.20","132.00","133.00","128.80","81.80M","-0.07%"
"21-03-2022","130.29","130.80","133.40","129.45","84.23M","-0.04%"
"17-03-2022","130.35","127.50","131.78","127.11","106.24M","3.02%"
"16-03-2022","126.53","124.50","127.12","124.02","63.02M","2.55%"
"15-03-2022","123.38","129.18","129.30","122.80","96.14M","-4.88%"
"14-03-2022","129.70","130.50","131.17","127.77","52.78M","-0.36%"
"11-03-2022","130.17","131.50","133.99","129.62","118.82M","-0.53%"
"10-03-2022","130.87","125.79","131.38","124.10","136.74M","4.25%"
"09-03-2022","125.54","127.39","127.68","124.86","69.35M","-1.11%"
"08-03-2022","126.95","129.30","129.40","124.40","91.08M","-1.73%"
"07-03-2022","129.19","127.59","130.18","126.40","110.40M","1.16%"
"04-03-2022","127.71","130.24","131.99","127.30","162.83M","-2.01%"
"03-03-2022","130.33","130.60","132.87","129.37","174.50M","1.08%"
"02-03-2022","128.93","122.07","129.96","121.86","248.48M","5.62%"
"28-02-2022","122.07","113.40","122.50","112.92","176.05M","6.58%"
"25-02-2022","114.54","109.77","115.07","109.56","92.13M","6.64%"
"24-02-2022","107.40","109.40","112.00","106.71","121.27M","-5.71%"
"23-02-2022","113.90","114.80","115.26","113.40","49.61M","0.03%"
"22-02-2022","113.87","115.80","116.67","111.93","93.86M","-3.65%"
"21-02-2022","118.18","118.80","120.20","117.44","49.79M","-0.75%"
"18-02-2022","119.08","118.70","120.50","118.30","47.25M","-0.01%"
"17-02-2022","119.10","120.11","120.95","118.61","56.56M","-0.07%"
"16-02-2022","119.18","121.50","121.79","118.65","66.09M","-1.32%"
"15-02-2022","120.78","119.68","121.20","115.15","101.89M","1.76%"
"14-02-2022","118.68","122.01","122.78","118.01","80.22M","-5.39%"
"11-02-2022","125.44","123.90","126.50","123.31","96.76M","0.49%"
"10-02-2022","124.83","123.00","125.43","122.60","93.92M","2.13%"
"09-02-2022","122.24","123.10","123.40","120.82","73.52M","0.23%"
"08-02-2022","121.96","119.50","122.24","117.15","140.84M","3.09%"
"07-02-2022","118.30","116.83","121.46","116.10","145.11M","0.57%"
"04-02-2022","117.63","117.38","119.78","117.03","93.17M","0.83%"
"03-02-2022","116.66","115.30","118.17","114.63","65.14M","-0.08%"
"02-02-2022","116.75","117.99","117.99","115.83","75.25M","0.01%"
"01-02-2022","116.74","110.49","117.44","108.64","170.75M","7.54%"
"31-01-2022","108.56","110.99","111.46","108.05","55.71M","0.08%"
"28-01-2022","108.46","110.58","112.57","108.10","78.65M","-0.34%"
"27-01-2022","108.83","109.00","110.35","106.13","90.57M","-1.87%"
"25-01-2022","110.91","109.47","112.10","108.71","57.33M","0.90%"
"24-01-2022","109.92","116.00","116.36","109.00","83.92M","-6.03%"
"21-01-2022","116.97","120.00","120.43","115.64","71.66M","-3.07%"
"20-01-2022","120.67","121.01","122.40","119.70","59.21M","-0.24%"
"19-01-2022","120.96","119.60","122.09","118.30","73.04M","1.23%"
"18-01-2022","119.49","123.00","123.38","119.00","58.41M","-2.84%"
"17-01-2022","122.97","121.50","124.50","119.04","89.70M","1.33%"
"14-01-2022","121.36","121.30","122.63","120.61","52.68M","-0.62%"
"13-01-2022","122.11","115.40","122.55","115.21","157.23M","6.45%"
"12-01-2022","114.72","113.99","115.08","113.24","50.36M","1.50%"
"11-01-2022","113.03","115.86","116.27","111.30","96.98M","-3.32%"
"10-01-2022","116.90","116.50","117.34","115.39","38.23M","0.75%"
"07-01-2022","116.04","116.52","117.40","114.79","39.74M","-0.25%"
"06-01-2022","116.32","117.20","118.30","115.56","53.35M","-1.22%"
"05-01-2022","117.76","114.70","118.08","114.13","61.86M","2.51%"
"04-01-2022","114.88","115.30","115.97","113.65","59.76M","0.56%"
"03-01-2022","114.25","111.50","115.10","111.50","38.66M","2.79%"
"31-12-2021","111.14","110.50","112.35","110.26","36.87M","0.95%"
"30-12-2021","110.10","111.79","112.70","109.90","41.14M","-1.37%"
"29-12-2021","111.63","112.00","112.67","110.80","41.94M","-0.99%"
"28-12-2021","112.75","112.70","113.15","112.20","28.81M","0.50%"
"27-12-2021","112.18","111.11","112.47","110.24","27.59M","0.57%"
"24-12-2021","111.54","113.00","113.35","110.39","40.94M","-1.08%"
"23-12-2021","112.76","113.80","114.68","112.02","46.21M","-0.11%"
"22-12-2021","112.89","111.50","113.10","111.00","43.67M","2.15%"
"21-12-2021","110.51","109.00","112.43","108.50","70.27M","3.00%"
"20-12-2021","107.29","111.70","111.72","106.61","73.53M","-5.22%"
"17-12-2021","113.21","115.40","115.89","112.50","47.44M","-1.83%"
"16-12-2021","115.32","116.40","116.88","114.36","42.46M","-0.07%"
"15-12-2021","115.40","117.00","117.56","114.90","44.31M","-1.13%"
"14-12-2021","116.72","115.89","117.79","114.70","53.52M","0.16%"
"13-12-2021","116.53","118.80","119.90","116.17","53.54M","-1.25%"
"10-12-2021","118.00","117.35","118.89","116.76","48.12M","0.27%"
"09-12-2021","117.68","118.20","118.20","115.90","52.12M","0.33%"
"08-12-2021","117.30","115.90","117.70","114.90","74.49M","2.11%"
"07-12-2021","114.88","112.11","115.56","112.10","85.05M","3.61%"
"06-12-2021","110.88","111.40","114.10","110.22","82.16M","-0.82%"
"03-12-2021","111.80","111.50","113.42","110.22","100.74M","0.50%"
"02-12-2021","111.24","108.30","111.60","107.40","91.29M","2.76%"
"01-12-2021","108.25","109.20","109.70","106.65","93.79M","1.06%"
"30-11-2021","107.12","111.10","112.79","106.30","133.56M","-3.91%"
"29-11-2021","111.47","111.23","113.70","107.50","93.93M","0.22%"
"26-11-2021","111.23","115.79","115.95","110.63","106.46M","-5.23%"
"25-11-2021","117.36","118.00","118.66","116.60","47.50M","-0.41%"
"24-11-2021","117.85","120.04","120.29","117.11","67.67M","-1.14%"
"23-11-2021","119.21","116.81","120.90","116.51","93.83M","2.32%"
"22-11-2021","116.50","118.81","119.68","114.60","96.21M","-1.82%"
"18-11-2021","118.66","122.36","122.83","118.20","101.08M","-2.74%"
"17-11-2021","122.00","122.50","123.74","121.51","87.80M","-0.71%"
"16-11-2021","122.88","124.54","126.11","122.37","123.15M","-1.34%"
"15-11-2021","124.54","129.50","129.90","124.15","121.08M","-3.25%"
"12-11-2021","128.73","134.00","134.00","127.11","232.40M","-0.95%"
"11-11-2021","129.96","130.49","132.45","128.84","136.64M","0.08%"
"10-11-2021","129.85","132.80","132.90","128.71","118.80M","-2.80%"
"09-11-2021","133.60","134.29","136.03","132.88","47.57M","-0.54%"
"08-11-2021","134.32","134.09","134.76","130.61","54.94M","1.31%"
"04-11-2021","132.59","133.10","133.50","132.41","6.74M","-0.01%"
"03-11-2021","132.60","132.48","133.20","131.20","57.30M","0.94%"
"02-11-2021","131.37","137.00","137.00","131.08","72.16M","-3.75%"
"01-11-2021","136.49","134.00","137.29","133.00","96.88M","3.72%"
"29-10-2021","131.60","129.02","133.37","129.00","79.15M","1.26%"
"28-10-2021","129.96","131.49","131.60","129.11","93.08M","-2.00%"
"27-10-2021","132.62","134.60","135.17","132.13","72.42M","-1.30%"
"26-10-2021","134.37","130.30","135.10","130.15","77.23M","3.89%"
"25-10-2021","129.33","130.20","131.60","126.72","64.19M","-0.23%"
"22-10-2021","129.63","132.00","132.46","127.10","80.71M","-1.40%"
"21-10-2021","131.47","135.67","135.79","128.97","83.58M","-2.13%"
"20-10-2021","134.33","137.20","137.60","132.66","69.76M","-1.73%"
"19-10-2021","136.69","142.10","142.65","135.76","87.57M","-3.13%"
"18-10-2021","141.10","141.80","142.48","139.11","109.23M","2.62%"
"14-10-2021","137.51","137.40","139.06","135.40","82.27M","1.53%"
"13-10-2021","135.43","132.55","137.65","131.80","132.86M","1.90%"
"12-10-2021","132.91","131.32","133.50","130.50","60.97M","1.21%"
"11-10-2021","131.32","130.50","132.74","129.80","63.50M","0.93%"
"08-10-2021","130.12","130.20","134.40","129.63","107.22M","0.93%"
"07-10-2021","128.92","129.50","130.68","128.35","46.03M","0.73%"
"06-10-2021","127.99","131.99","132.86","127.32","86.32M","-2.81%"
"05-10-2021","131.68","131.40","133.27","131.01","57.95M","-0.55%"
"04-10-2021","132.41","129.79","132.77","128.04","96.90M","2.03%"
"01-10-2021","129.79","127.50","131.10","126.50","90.37M","0.69%"
"30-09-2021","128.89","130.30","131.64","128.38","75.15M","-0.51%"
"29-09-2021","129.55","127.00","130.98","126.72","94.95M","1.14%"
"28-09-2021","128.10","127.35","129.68","126.30","81.01M","0.82%"
"27-09-2021","127.05","127.20","128.87","126.11","86.69M","-0.13%"
"24-09-2021","127.21","132.00","132.40","125.85","132.87M","-3.53%"
"23-09-2021","131.87","133.00","133.95","130.60","99.46M","0.99%"
"22-09-2021","130.58","129.94","131.80","128.31","111.24M","1.05%"
"21-09-2021","129.22","125.80","129.69","123.29","255.94M","3.12%"
"20-09-2021","125.31","135.00","135.19","124.74","282.38M","-9.58%"
"17-09-2021","138.59","143.70","144.03","136.00","195.72M","-3.54%"
"16-09-2021","143.68","146.00","147.19","143.13","56.07M","-1.26%"
"15-09-2021","145.51","145.23","146.37","144.44","44.17M","0.19%"
"14-09-2021","145.23","147.60","147.60","144.90","55.04M","-0.76%"
"13-09-2021","146.35","144.70","147.20","143.65","56.70M","1.14%"
"09-09-2021","144.70","142.00","145.20","142.00","53.13M","1.20%"
"08-09-2021","142.99","142.60","144.26","141.86","46.76M","0.08%"
"07-09-2021","142.87","144.40","145.90","142.07","63.53M","-0.58%"
"06-09-2021","143.70","144.70","145.20","142.32","69.59M","-0.46%"
"03-09-2021","144.37","142.80","145.29","141.65","84.52M","1.30%"
"02-09-2021","142.51","141.10","143.20","141.00","61.48M","0.98%"
"01-09-2021","141.12","145.13","145.55","140.70","88.13M","-2.69%"
"31-08-2021","145.02","144.50","145.90","143.20","247.52M","0.67%"
"30-08-2021","144.06","139.90","144.50","139.80","134.44M","4.08%"
"27-08-2021","138.41","137.90","139.45","137.59","73.94M","0.66%"
"26-08-2021","137.51","139.04","139.48","136.50","91.58M","-1.09%"
"25-08-2021","139.02","141.80","142.60","138.07","125.65M","-1.03%"
"24-08-2021","140.46","138.20","142.00","137.70","176.08M","3.39%"
"23-08-2021","135.87","140.20","140.98","131.07","229.26M","-1.23%"
"20-08-2021","137.56","144.51","144.70","136.28","273.40M","-8.32%"
"18-08-2021","150.04","150.95","151.89","148.82","123.32M","-0.22%"
"17-08-2021","150.37","151.94","153.40","149.18","189.71M","-1.03%"
"16-08-2021","151.94","148.40","153.45","147.22","271.14M","3.95%"
"13-08-2021","146.16","140.50","147.66","139.07","289.70M","1.83%"
"12-08-2021","143.54","143.60","144.47","141.65","109.43M","0.64%"
"11-08-2021","142.62","139.00","142.97","138.42","145.35M","3.83%"
"10-08-2021","137.36","141.20","141.80","136.72","84.52M","-2.73%"
"09-08-2021","141.22","143.40","144.32","140.54","78.59M","-1.17%"
"06-08-2021","142.88","144.90","145.70","142.60","96.74M","-1.23%"
"05-08-2021","144.66","141.53","145.00","138.75","162.22M","2.15%"
"04-08-2021","141.62","142.00","144.80","140.51","112.89M","0.64%"
"03-08-2021","140.72","141.40","142.09","139.04","86.41M","-0.20%"
"02-08-2021","141.01","144.60","144.70","140.55","97.69M","-1.69%"
"30-07-2021","143.43","145.57","147.27","142.78","140.49M","-1.67%"
"29-07-2021","145.86","137.50","148.18","136.80","300.61M","6.86%"
"28-07-2021","136.50","133.20","136.99","130.62","128.35M","2.58%"
"27-07-2021","133.07","131.50","133.45","130.80","103.41M","2.52%"
"26-07-2021","129.79","128.90","130.82","127.81","86.78M","1.29%"
"23-07-2021","128.14","127.93","129.55","127.40","86.42M","0.66%"
"22-07-2021","127.30","124.90","127.79","124.80","78.94M","3.21%"
"20-07-2021","123.33","127.20","127.23","122.50","85.80M","-2.61%"
"19-07-2021","126.64","125.90","129.09","125.37","89.05M","-0.94%"
"16-07-2021","127.85","126.47","128.13","125.90","84.97M","1.79%"
"15-07-2021","125.60","124.61","126.58","123.77","96.56M","0.90%"
"14-07-2021","124.47","123.19","124.77","121.90","83.41M","1.30%"
"13-07-2021","122.88","123.80","124.35","122.31","79.16M","0.15%"
"12-07-2021","122.69","125.10","125.85","121.83","166.48M","-1.00%"
"09-07-2021","123.93","119.20","124.41","118.80","178.59M","4.17%"
"08-07-2021","118.97","122.50","123.00","118.12","124.11M","-2.37%"
"07-07-2021","121.86","116.79","122.50","115.85","167.46M","4.40%"
"06-07-2021","116.72","115.86","117.80","115.03","91.47M","0.90%"
"05-07-2021","115.68","114.60","116.18","113.60","76.80M","1.84%"
"02-07-2021","113.60","116.60","116.68","113.02","75.73M","-2.37%"
"01-07-2021","116.36","117.19","117.68","115.64","56.15M","-0.26%"
"30-06-2021","116.66","118.11","119.10","116.28","80.43M","-0.51%"
"29-06-2021","117.25","118.45","119.20","116.56","78.04M","-0.97%"
"28-06-2021","118.40","117.40","118.90","116.30","116.60M","1.61%"
"25-06-2021","116.53","113.50","117.00","113.00","180.23M","4.68%"
"24-06-2021","111.32","110.50","112.05","109.85","72.39M","1.19%"
"23-06-2021","110.01","112.05","112.75","109.79","78.06M","-1.10%"
"22-06-2021","111.23","111.42","113.10","110.65","90.25M","0.56%"
"21-06-2021","110.61","107.00","110.90","106.36","130.01M","1.27%"
"18-06-2021","109.23","110.50","110.99","105.03","403.47M","-1.04%"
"17-06-2021","110.38","111.89","113.38","109.57","162.08M","-3.36%"
"16-06-2021","114.21","116.90","118.47","113.17","175.21M","-2.74%"
"15-06-2021","117.43","117.00","118.68","116.01","97.68M","0.82%"
"14-06-2021","116.48","116.80","117.86","114.00","160.31M","0.56%"
"11-06-2021","115.83","112.78","116.46","111.31","174.46M","3.94%"
"10-06-2021","111.44","110.93","112.58","110.29","77.77M","1.22%"
"09-06-2021","110.10","111.70","112.80","109.39","111.14M","-0.91%"
"08-06-2021","111.11","113.27","113.27","110.00","108.34M","-1.56%"
"07-06-2021","112.87","113.00","115.00","112.56","122.19M","0.71%"
"04-06-2021","112.07","111.60","112.88","110.70","97.13M","-0.12%"
"03-06-2021","112.20","112.96","113.97","111.30","121.09M","-0.18%"
"02-06-2021","112.40","110.50","112.98","110.40","128.63M","2.10%"
"01-06-2021","110.09","112.00","112.30","108.55","176.91M","-2.20%"
"31-05-2021","112.57","111.20","112.96","109.90","154.29M","2.01%"
"28-05-2021","110.35","113.10","114.36","109.75","192.09M","0.62%"
"27-05-2021","109.67","108.21","110.97","107.50","227.91M","1.34%"
"26-05-2021","108.21","109.05","109.40","107.25","154.33M","-2.09%"
"25-05-2021","110.52","110.19","112.60","110.00","181.14M","1.21%"
"24-05-2021","109.20","110.80","110.89","108.21","189.24M","-1.90%"
"21-05-2021","111.31","111.40","112.39","110.58","141.05M","0.73%"
"20-05-2021","110.50","113.11","113.55","109.81","284.46M","-5.08%"
"19-05-2021","116.43","117.30","118.96","115.80","174.35M","-1.33%"
"18-05-2021","118.00","117.50","119.64","115.71","245.74M","2.53%"
"17-05-2021","115.08","113.80","115.82","110.35","287.53M","1.66%"
"14-05-2021","113.21","118.50","118.50","111.52","376.48M","-3.99%"
"12-05-2021","117.92","123.19","124.68","116.32","308.89M","-4.44%"
"11-05-2021","123.39","119.00","124.60","117.69","411.08M","1.44%"
"10-05-2021","121.64","121.00","122.90","120.00","280.81M","2.88%"
"07-05-2021","118.24","113.50","119.20","113.01","540.75M","7.40%"
"06-05-2021","110.09","105.50","112.90","104.25","464.35M","2.87%"
"05-05-2021","107.01","108.40","108.83","104.70","192.50M","0.59%"
"04-05-2021","106.39","107.44","108.67","105.75","249.62M","-0.08%"
"03-05-2021","106.47","103.19","106.90","101.85","264.84M","2.97%"
"30-04-2021","103.40","102.40","105.26","101.11","281.30M","0.26%"
"29-04-2021","103.14","98.30","103.69","98.30","447.19M","6.17%"
"28-04-2021","97.14","98.50","98.60","96.20","204.48M","-0.65%"
"27-04-2021","97.78","94.83","98.30","94.43","249.05M","3.93%"
"26-04-2021","94.07","93.50","95.60","93.00","212.35M","1.64%"
"23-04-2021","92.56","92.98","94.50","91.07","247.52M","0.46%"
"22-04-2021","92.14","90.00","93.86","89.71","319.03M","3.06%"
"20-04-2021","89.40","90.00","90.57","88.20","169.15M","0.67%"
"19-04-2021","88.81","86.98","89.90","86.00","191.47M","-0.25%"
"16-04-2021","89.03","90.38","91.44","88.63","173.99M","-0.89%"
"15-04-2021","89.82","89.20","91.15","87.95","218.56M","2.18%"
"13-04-2021","87.90","86.20","88.16","84.90","204.28M","3.22%"
"12-04-2021","85.15","87.65","89.32","84.33","221.36M","-5.33%"
"09-04-2021","89.95","92.10","93.00","88.57","321.79M","-2.06%"
"08-04-2021","91.84","88.40","95.36","88.27","530.63M","4.98%"
"07-04-2021","87.49","86.95","88.50","86.46","171.13M","1.39%"
"06-04-2021","86.29","87.55","88.25","85.82","207.79M","-0.56%"
"05-04-2021","86.78","86.20","87.79","83.71","305.76M","0.54%"
"01-04-2021","86.31","82.10","86.89","81.90","368.42M","6.31%"
"31-03-2021","81.18","79.40","82.35","79.01","280.45M","1.48%"
"30-03-2021","80.00","78.00","81.00","77.79","284.80M","4.32%"
"26-03-2021","76.68","73.04","77.49","72.52","429.12M","6.04%"
"25-03-2021","72.32","71.01","73.07","68.83","367.22M","2.90%"
"24-03-2021","70.28","73.10","73.30","69.89","210.30M","-5.17%"
"23-03-2021","74.11","74.60","74.94","73.33","118.74M","-0.32%"
"22-03-2021","74.35","73.11","74.57","72.50","137.60M","1.43%"
"19-03-2021","73.30","70.28","73.68","68.13","246.38M","3.99%"
"18-03-2021","70.49","71.63","72.29","69.83","143.21M","0.06%"
"17-03-2021","70.44","72.50","72.60","70.07","105.41M","-2.71%"
"16-03-2021","72.40","74.01","74.01","71.92","125.70M","-1.68%"
"15-03-2021","73.64","72.20","73.90","71.50","155.43M","2.28%"
"12-03-2021","72.00","74.00","74.50","71.40","161.21M","-0.63%"
"10-03-2021","72.45","71.49","73.00","70.31","196.86M","2.51%"
"09-03-2021","70.68","74.50","75.10","70.22","195.56M","-4.14%"
"08-03-2021","73.72","74.39","75.12","73.50","106.15M","0.54%"
"05-03-2021","73.33","74.85","75.60","72.70","168.82M","-3.25%"
"04-03-2021","75.79","75.10","76.69","74.36","228.74M","-2.47%"
"03-03-2021","77.71","74.10","78.25","74.10","288.43M","5.66%"
"02-03-2021","73.55","73.04","73.97","72.32","111.13M","0.70%"
"01-03-2021","73.04","72.40","73.82","71.14","140.59M","2.13%"
"26-02-2021","71.51","72.50","74.16","71.11","235.52M","-3.74%"
"25-02-2021","74.29","73.52","75.30","73.19","219.02M","2.09%"
"24-02-2021","72.77","73.50","74.50","72.00","216.77M","-0.22%"
"23-02-2021","72.93","68.96","73.60","68.22","389.07M","6.54%"
"22-02-2021","68.46","67.29","69.79","67.08","281.49M","2.07%"
"19-02-2021","67.07","69.60","69.60","65.60","223.92M","-3.88%"
"18-02-2021","69.78","70.00","71.10","69.40","148.56M","0.14%"
"17-02-2021","69.68","69.76","70.35","68.75","159.57M","-0.34%"
"16-02-2021","69.92","67.21","70.86","66.83","336.62M","4.02%"
"15-02-2021","67.21","68.71","68.80","67.00","131.72M","-1.23%"
"12-02-2021","68.05","69.50","69.79","67.85","147.05M","-2.04%"
"11-02-2021","69.47","68.76","70.46","68.29","163.41M","0.64%"
"10-02-2021","69.03","71.00","72.45","68.00","573.98M","-1.28%"
"09-02-2021","69.92","70.65","71.64","69.16","293.37M","-0.53%"
"08-02-2021","70.29","69.40","70.49","68.27","214.62M","2.61%"
"05-02-2021","68.50","65.69","69.06","65.14","291.01M","4.44%"
"04-02-2021","65.60","65.40","66.35","63.86","147.65M","0.43%"
"03-02-2021","65.32","64.49","66.43","63.72","148.46M","1.79%"
"02-02-2021","64.17","64.30","64.80","62.41","180.49M","0.87%"
"01-02-2021","63.61","60.49","64.00","59.74","210.85M","5.84%"
"29-01-2021","60.10","63.01","63.38","59.60","268.27M","-3.64%"
"28-01-2021","62.37","61.80","63.06","61.26","170.92M","-0.37%"
"27-01-2021","62.60","65.09","65.11","62.38","149.18M","-3.98%"
"25-01-2021","65.19","65.10","66.18","63.10","163.48M","0.77%"
"22-01-2021","64.70","67.00","67.58","63.37","237.16M","-2.95%"
"21-01-2021","66.67","69.10","69.47","66.16","161.18M","-3.40%"
"20-01-2021","69.01","69.01","69.95","68.26","233.13M","1.33%"
"19-01-2021","68.11","67.20","68.39","64.70","312.45M","2.16%"
"18-01-2021","66.67","70.80","70.88","65.95","250.45M","-5.55%"
"15-01-2021","70.59","71.20","72.15","69.76","206.88M","-0.06%"
"14-01-2021","70.64","71.00","71.44","69.71","115.41M","-0.39%"
"13-01-2021","70.92","70.14","71.46","69.30","193.54M","2.05%"
"12-01-2021","69.49","69.50","72.45","69.11","245.25M","-0.11%"
"11-01-2021","69.57","71.20","71.20","68.82","170.25M","-2.45%"
"08-01-2021","71.32","72.70","72.72","70.31","193.29M","-1.34%"
"07-01-2021","72.28","69.30","73.15","69.17","382.32M","5.70%"
"06-01-2021","68.38","68.40","69.67","67.50","196.11M","0.48%"
"05-01-2021","68.06","68.70","69.39","67.51","215.45M","-1.80%"
"04-01-2021","69.30","64.90","69.99","64.64","381.85M","7.76%"
"01-01-2021","64.31","64.50","64.97","64.00","84.11M","-0.09%"
"31-12-2020","64.36","63.65","65.35","63.65","177.13M","0.50%"
"30-12-2020","64.04","63.29","64.39","62.40","115.14M","1.30%"
"29-12-2020","63.22","63.78","63.97","62.10","104.16M","-0.07%"
"28-12-2020","63.26","62.83","63.53","62.66","104.81M","1.66%"
"24-12-2020","62.23","62.53","63.69","61.92","120.91M","0.14%"
"23-12-2020","62.14","59.90","62.42","59.63","122.38M","3.33%"
"22-12-2020","60.13","59.60","61.04","58.50","188.47M","0.92%"
"21-12-2020","59.58","62.40","62.77","58.56","190.77M","-5.61%"
"18-12-2020","63.13","63.83","64.08","62.80","253.52M","-0.64%"
"17-12-2020","63.53","64.34","64.60","63.15","79.65M","-1.26%"
"16-12-2020","64.34","64.12","64.94","63.82","160.40M","1.27%"
"15-12-2020","63.53","62.35","63.71","61.74","132.26M","1.37%"
"14-12-2020","62.67","62.67","63.89","62.53","177.23M","0.81%"
"11-12-2020","62.17","61.49","62.54","61.42","163.96M","1.90%"
"10-12-2020","61.01","60.60","61.40","59.35","198.29M","0.12%"
"09-12-2020","60.94","61.80","62.07","60.71","127.31M","-0.67%"
"08-12-2020","61.35","61.60","62.15","60.24","170.16M","-0.18%"
"07-12-2020","61.46","62.36","62.90","60.94","155.88M","-1.31%"
"04-12-2020","62.27","62.40","63.25","61.46","201.54M","0.29%"
"03-12-2020","62.09","60.90","62.47","60.80","247.76M","2.74%"
"02-12-2020","60.44","58.57","60.76","58.40","249.97M","3.17%"
"01-12-2020","58.58","59.20","59.20","57.69","147.39M","1.46%"
"27-11-2020","57.74","57.00","58.24","56.31","462.91M","1.57%"
"26-11-2020","56.84","54.60","57.11","54.13","225.70M","5.02%"
"25-11-2020","54.13","55.10","55.87","53.95","176.81M","-1.29%"
"24-11-2020","54.83","54.79","55.04","54.14","130.29M","0.96%"
"23-11-2020","54.31","53.80","54.60","53.63","170.25M","1.91%"
"20-11-2020","53.29","52.60","54.17","52.10","266.86M","1.78%"
"19-11-2020","52.36","51.19","53.57","51.00","201.38M","1.24%"
"18-11-2020","51.72","51.80","52.38","51.06","174.82M","-1.05%"
"17-11-2020","52.27","50.60","53.10","50.17","642.85M","6.20%"
"14-11-2020","49.22","49.66","49.95","48.70","78.37M","1.16%"
"13-11-2020","48.65","47.08","48.84","46.50","234.18M","2.83%"
"12-11-2020","47.31","47.20","47.99","46.63","234.94M","-0.17%"
"11-11-2020","47.40","44.19","47.74","43.96","368.62M","7.25%"
"10-11-2020","44.19","44.00","45.33","43.56","262.00M","0.82%"
"09-11-2020","43.83","43.30","43.99","42.74","158.31M","2.77%"
"06-11-2020","42.65","42.45","43.29","42.26","173.98M","0.24%"
"05-11-2020","42.55","41.20","42.83","40.92","265.18M","5.35%"
"04-11-2020","40.39","40.89","41.51","40.14","136.14M","-0.74%"
"03-11-2020","40.69","40.75","41.22","40.44","122.58M","1.01%"
"02-11-2020","40.28","41.00","41.25","39.87","131.43M","-1.88%"
"30-10-2020","41.06","40.27","41.29","39.52","180.21M","2.28%"
"29-10-2020","40.14","39.94","40.50","39.53","138.60M","-0.22%"
"28-10-2020","40.23","41.15","41.82","40.04","169.66M","-2.12%"
"27-10-2020","41.10","40.87","41.69","40.34","160.62M","0.64%"
"26-10-2020","40.84","42.33","42.33","40.42","166.09M","-3.55%"
"23-10-2020","42.35","41.30","42.60","41.22","285.89M","3.37%"
"22-10-2020","40.97","40.19","41.35","40.01","208.88M","1.39%"
"21-10-2020","40.40","39.63","40.80","39.44","263.52M","2.97%"
"20-10-2020","39.24","39.20","39.74","38.96","109.50M","-0.78%"
"19-10-2020","39.55","39.76","40.00","39.18","147.30M","0.42%"
"16-10-2020","39.38","37.71","39.59","37.52","288.56M","5.34%"
"15-10-2020","37.39","38.10","38.86","37.15","316.51M","-0.44%"
"14-10-2020","37.56","37.04","37.72","36.96","148.92M","1.95%"
"13-10-2020","36.83","37.20","37.63","36.67","119.03M","-0.74%"
"12-10-2020","37.11","37.35","37.72","36.25","157.57M","0.43%"
"09-10-2020","36.95","37.60","38.69","36.71","220.07M","-1.11%"
"08-10-2020","37.37","37.44","38.30","37.17","141.11M","0.69%"
"07-10-2020","37.11","37.60","37.93","37.00","96.94M","-1.67%"
"06-10-2020","37.74","38.68","38.72","37.31","142.86M","-1.28%"
"05-10-2020","38.23","37.01","38.55","36.95","195.91M","4.75%"
"01-10-2020","36.49","36.43","37.03","36.31","95.55M","1.45%"
"30-09-2020","35.97","37.10","37.15","35.80","129.64M","-2.78%"
"29-09-2020","37.01","36.50","37.18","36.17","178.92M","2.51%"
"28-09-2020","36.10","35.99","36.49","35.56","122.70M","2.53%"
"25-09-2020","35.21","34.80","35.56","34.42","122.43M","2.38%"
"24-09-2020","34.39","35.68","35.72","34.28","124.96M","-4.82%"
"23-09-2020","36.13","37.70","37.80","35.65","169.85M","-3.43%"
"22-09-2020","37.42","37.40","37.85","35.82","220.13M","0.20%"
"21-09-2020","37.34","39.60","39.92","37.10","141.39M","-5.59%"
"18-09-2020","39.55","40.21","40.56","39.34","168.42M","-0.80%"
"17-09-2020","39.87","40.19","40.75","39.32","148.08M","-1.46%"
"16-09-2020","40.46","40.65","41.00","40.27","99.87M","-0.16%"
"15-09-2020","40.53","40.70","41.06","40.35","91.33M","0.15%"
"14-09-2020","40.47","41.00","41.41","40.22","123.31M","-0.70%"
"11-09-2020","40.75","40.88","41.26","40.25","136.87M","-0.12%"
"10-09-2020","40.80","42.40","42.59","40.11","229.21M","-2.25%"
"09-09-2020","41.74","39.88","42.01","38.65","320.00M","3.04%"
"08-09-2020","40.51","42.58","42.58","40.26","116.37M","-4.12%"
"07-09-2020","42.25","42.37","42.84","41.85","96.28M","0.28%"
"04-09-2020","42.13","42.81","43.40","41.90","105.31M","-3.83%"
"03-09-2020","43.81","44.25","44.37","43.59","102.14M","-0.13%"
"02-09-2020","43.87","43.01","44.17","42.71","117.39M","2.33%"
"01-09-2020","42.87","41.39","43.27","41.19","140.73M","3.79%"
"31-08-2020","41.30","42.65","43.01","41.00","157.46M","-2.64%"
"28-08-2020","42.42","42.97","43.80","42.31","152.12M","-0.62%"
"27-08-2020","42.69","42.55","43.02","42.30","95.50M","0.44%"
"26-08-2020","42.50","42.50","42.78","42.22","79.57M","0.24%"
"25-08-2020","42.40","43.20","43.26","42.15","105.54M","-1.28%"
"24-08-2020","42.95","43.36","43.78","42.81","90.94M","0.15%"
"21-08-2020","42.88","43.58","44.20","42.65","134.82M","-0.87%"
"20-08-2020","43.26","42.50","43.83","42.31","158.47M","0.21%"
"19-08-2020","43.17","43.45","43.56","42.88","118.44M","-0.64%"
"18-08-2020","43.45","42.17","43.68","41.97","173.42M","2.22%"
"17-08-2020","42.51","41.80","42.92","41.42","181.46M","1.57%"
"14-08-2020","41.85","41.00","43.10","40.91","477.42M","1.31%"
"13-08-2020","41.31","41.82","42.17","40.88","124.22M","-0.34%"
"12-08-2020","41.45","41.37","41.74","40.76","115.75M","-0.47%"
"11-08-2020","41.65","41.31","42.76","41.25","258.85M","1.52%"
"10-08-2020","41.02","40.58","41.15","39.96","120.18M","1.52%"
"07-08-2020","40.40","39.59","40.67","39.31","151.76M","0.90%"
"06-08-2020","40.04","38.97","40.28","38.55","221.23M","1.17%"
"05-08-2020","39.58","37.31","39.79","37.31","305.60M","6.33%"
"04-08-2020","37.22","37.45","37.80","36.76","111.84M","-0.33%"
"03-08-2020","37.35","36.47","37.69","36.21","111.38M","1.97%"
"31-07-2020","36.63","36.56","37.04","36.04","90.25M","-0.08%"
"30-07-2020","36.66","37.70","37.78","36.41","103.99M","-1.91%"
"29-07-2020","37.38","35.90","37.85","35.62","301.16M","4.25%"
"28-07-2020","35.85","35.36","36.00","35.28","106.40M","1.60%"
"27-07-2020","35.28","35.10","35.39","34.42","118.36M","1.95%"
"24-07-2020","34.61","34.70","34.98","34.26","89.19M","-1.65%"
"23-07-2020","35.19","35.01","35.64","34.76","96.25M","0.53%"
"22-07-2020","35.01","36.05","36.29","34.66","178.44M","-2.53%"
"21-07-2020","35.92","35.60","36.06","34.95","113.68M","1.92%"
"20-07-2020","35.24","35.11","35.47","34.66","95.33M","0.41%"
"17-07-2020","35.10","34.60","35.68","34.51","244.17M","2.72%"
"16-07-2020","34.17","33.80","34.65","33.15","105.86M","0.69%"
"15-07-2020","33.93","34.06","34.65","33.80","96.88M","0.79%"
"14-07-2020","33.67","33.90","33.90","33.26","83.07M","-1.59%"
"13-07-2020","34.21","34.33","34.70","33.85","121.15M","1.00%"
"10-07-2020","33.87","34.19","34.43","33.52","125.27M","-1.68%"
"09-07-2020","34.45","33.70","34.85","33.65","244.04M","3.08%"
"08-07-2020","33.42","33.28","34.64","33.20","215.61M","1.18%"
"07-07-2020","33.03","33.88","33.88","32.81","108.40M","-2.54%"
"06-07-2020","33.89","33.31","34.17","33.03","141.44M","2.73%"
"03-07-2020","32.99","33.70","33.70","32.74","106.13M","-1.49%"
"02-07-2020","33.49","32.71","33.75","32.46","119.72M","3.46%"
"01-07-2020","32.37","32.90","32.96","32.03","104.90M","-0.92%"
"30-06-2020","32.67","32.31","33.77","32.31","365.24M","1.81%"
"29-06-2020","32.09","32.30","32.60","31.21","119.61M","-0.90%"
"26-06-2020","32.38","32.58","32.99","32.26","97.06M","0.22%"
"25-06-2020","32.31","32.20","32.74","32.10","113.46M","-0.89%"
"24-06-2020","32.60","33.66","33.81","32.48","207.83M","-1.81%"
"23-06-2020","33.20","32.77","33.35","32.62","125.51M","1.93%"
"22-06-2020","32.57","31.98","32.80","31.84","110.31M","1.62%"
"19-06-2020","32.05","32.10","32.59","31.73","151.35M","0.75%"
"18-06-2020","31.81","30.82","31.92","30.71","113.69M","3.21%"
"17-06-2020","30.82","30.72","31.48","30.50","114.47M","-0.23%"
"16-06-2020","30.89","31.51","32.26","30.13","234.42M","0.88%"
"15-06-2020","30.62","31.38","31.50","30.26","185.83M","-3.59%"
"12-06-2020","31.76","30.00","32.05","30.00","175.58M","1.40%"
"11-06-2020","31.32","32.20","32.35","31.10","139.07M","-3.33%"
"10-06-2020","32.40","33.11","33.15","32.20","172.19M","-2.47%"
"09-06-2020","33.22","33.60","34.40","32.88","149.27M","-0.42%"
"08-06-2020","33.36","34.77","35.08","32.73","164.82M","-1.59%"
"05-06-2020","33.90","32.58","34.37","32.51","309.18M","5.94%"
"04-06-2020","32.00","31.69","32.26","31.46","112.51M","0.82%"
"03-06-2020","31.74","32.55","32.63","31.50","103.87M","-0.63%"
"02-06-2020","31.94","31.80","32.34","31.45","165.63M","1.33%"
"01-06-2020","31.52","30.20","31.78","30.20","243.85M","6.78%"
"29-05-2020","29.52","29.21","29.69","28.79","131.28M","-0.10%"
"28-05-2020","29.55","29.19","29.86","28.94","166.02M","2.60%"
"27-05-2020","28.80","28.22","29.04","27.91","140.08M","2.67%"
"26-05-2020","28.05","27.75","28.44","27.70","121.09M","2.19%"
"22-05-2020","27.45","27.90","28.02","27.33","106.57M","-3.24%"
"21-05-2020","28.37","28.39","28.62","27.85","130.36M","0.18%"
"20-05-2020","28.32","27.20","28.40","27.01","144.24M","4.12%"
"19-05-2020","27.20","27.20","28.04","26.75","168.97M","2.03%"
"18-05-2020","26.66","27.41","27.62","26.25","116.16M","-2.49%"
"15-05-2020","27.34","27.00","27.68","26.88","149.91M","1.79%"
"14-05-2020","26.86","27.20","27.52","26.73","107.97M","-2.89%"
"13-05-2020","27.66","28.75","28.80","27.35","147.24M","0.99%"
"12-05-2020","27.39","27.33","27.68","26.45","150.40M","-0.83%"
"11-05-2020","27.62","27.55","28.30","27.50","109.07M","1.21%"
"08-05-2020","27.29","28.28","28.40","27.20","98.78M","-1.09%"
"07-05-2020","27.59","27.55","28.29","27.46","89.58M","-0.65%"
"06-05-2020","27.77","27.41","28.05","27.20","95.08M","1.83%"
"05-05-2020","27.27","27.90","28.24","27.10","121.82M","-0.33%"
"04-05-2020","27.36","28.50","28.61","27.01","128.92M","-8.28%"
"30-04-2020","29.83","29.00","30.45","28.87","236.36M","5.52%"
"29-04-2020","28.27","27.30","28.61","27.12","198.77M","3.33%"
"28-04-2020","27.36","27.39","27.54","26.95","85.48M","0.74%"
"27-04-2020","27.16","27.40","27.69","27.05","124.11M","1.53%"
"24-04-2020","26.75","26.63","27.39","26.45","123.84M","-1.04%"
"23-04-2020","27.03","27.00","27.90","26.90","154.68M","0.71%"
"22-04-2020","26.84","26.61","26.99","25.92","147.90M","0.94%"
"21-04-2020","26.59","28.00","28.10","26.32","169.25M","-7.16%"
"20-04-2020","28.64","29.48","29.50","28.51","119.61M","-2.39%"
"17-04-2020","29.34","29.75","29.97","28.55","174.93M","1.56%"
"16-04-2020","28.89","27.60","29.19","27.60","172.49M","1.30%"
"15-04-2020","28.52","28.74","29.57","28.19","209.92M","0.96%"
"13-04-2020","28.25","28.50","29.20","27.39","155.11M","-0.81%"
"09-04-2020","28.48","28.05","28.96","27.77","138.56M","3.64%"
"08-04-2020","27.48","27.10","29.29","26.66","204.35M","-0.51%"
"07-04-2020","27.62","26.61","27.77","26.12","159.57M","8.83%"
"03-04-2020","25.38","26.77","26.89","25.10","125.28M","-4.73%"
"01-04-2020","26.64","26.60","26.80","25.81","119.65M","-1.19%"
"31-03-2020","26.96","26.23","27.25","25.97","157.87M","6.10%"
"30-03-2020","25.41","26.70","27.07","25.09","158.54M","-8.37%"
"27-03-2020","27.73","29.10","29.52","27.42","111.84M","-2.53%"
"26-03-2020","28.45","29.00","29.55","28.01","114.94M","-0.80%"
"25-03-2020","28.68","26.70","29.50","26.70","94.43M","5.48%"
"24-03-2020","27.19","27.70","28.57","25.86","129.29M","0.30%"
"23-03-2020","27.11","26.80","27.80","25.36","121.01M","-8.94%"
"20-03-2020","29.77","27.97","30.50","27.41","173.08M","9.53%"
"19-03-2020","27.18","26.89","28.45","26.05","187.23M","-3.24%"
"18-03-2020","28.09","29.00","29.32","27.57","187.73M","-0.64%"
"17-03-2020","28.27","30.00","30.77","28.05","206.55M","-2.38%"
"16-03-2020","28.96","30.40","31.77","28.71","236.06M","-11.36%"
"13-03-2020","32.67","27.00","33.21","25.54","338.42M","13.63%"
"12-03-2020","28.75","27.50","29.18","26.72","437.68M","-4.10%"
"11-03-2020","29.98","32.40","32.60","29.61","286.94M","-6.98%"
"09-03-2020","32.23","33.75","33.77","31.98","204.24M","-8.31%"
"06-03-2020","35.15","35.70","35.83","34.66","148.48M","-6.47%"
"05-03-2020","37.58","38.40","38.78","37.43","146.28M","-0.37%"
"04-03-2020","37.72","38.80","38.99","36.51","229.37M","-2.68%"
"03-03-2020","38.76","37.35","39.10","37.01","186.49M","6.45%"
"02-03-2020","36.41","39.37","39.40","35.80","202.21M","-4.61%"
"28-02-2020","38.17","39.87","39.90","37.50","245.33M","-7.53%"
"27-02-2020","41.28","41.49","41.59","40.70","102.26M","-0.84%"
"26-02-2020","41.63","41.13","41.94","41.13","142.71M","-1.19%"
"25-02-2020","42.13","41.90","42.55","41.44","145.58M","1.40%"
"24-02-2020","41.55","43.48","43.48","41.34","175.23M","-6.31%"
"20-02-2020","44.35","42.90","44.77","42.80","129.80M","2.38%"
"19-02-2020","43.32","43.65","43.85","42.81","84.65M","0.42%"
"18-02-2020","43.14","43.40","43.52","42.13","115.02M","-1.26%"
"17-02-2020","43.69","43.55","44.09","43.30","97.25M","0.55%"
"14-02-2020","43.45","44.10","44.55","43.34","94.85M","-1.52%"
"13-02-2020","44.12","44.88","45.17","43.94","99.65M","-1.52%"
"12-02-2020","44.80","45.00","45.45","44.26","117.86M","0.88%"
"11-02-2020","44.41","44.84","45.77","44.27","168.24M","0.07%"
"10-02-2020","44.38","46.02","46.33","44.00","267.96M","-5.77%"
"07-02-2020","47.10","47.57","47.97","46.88","116.50M","-1.38%"
"06-02-2020","47.76","47.80","48.73","47.16","166.66M","0.53%"
"05-02-2020","47.51","45.23","47.97","44.80","160.57M","5.13%"
"04-02-2020","45.19","44.20","45.34","43.34","133.36M","3.65%"
"03-02-2020","43.60","41.80","43.90","41.66","162.37M","2.88%"
"01-02-2020","42.38","43.15","44.00","42.01","129.15M","-3.40%"
"31-01-2020","43.87","45.30","45.42","43.65","107.39M","-2.19%"
"30-01-2020","44.85","45.19","45.45","44.14","146.52M","-0.82%"
"29-01-2020","45.22","45.28","45.97","44.96","110.82M","1.34%"
"28-01-2020","44.62","46.00","46.20","44.20","180.15M","-3.50%"
"27-01-2020","46.24","47.77","47.77","46.01","129.63M","-4.34%"
"24-01-2020","48.34","48.03","48.51","47.65","74.81M","0.67%"
"23-01-2020","48.02","47.59","48.19","47.31","72.00M","1.07%"
"22-01-2020","47.51","47.87","47.98","47.32","76.62M","-0.23%"
"21-01-2020","47.62","48.78","48.78","47.35","113.16M","-2.94%"
"20-01-2020","49.06","49.70","49.98","48.91","72.92M","-0.93%"
"17-01-2020","49.52","49.33","49.89","49.19","56.82M","0.16%"
"16-01-2020","49.44","50.20","50.41","49.21","104.38M","-1.53%"
"15-01-2020","50.21","49.19","50.35","48.91","121.18M","0.70%"
"14-01-2020","49.86","49.65","50.60","49.58","156.61M","0.56%"
"13-01-2020","49.58","49.11","49.70","48.77","109.43M","1.97%"
"10-01-2020","48.62","48.55","49.38","48.00","159.28M","0.64%"
"09-01-2020","48.31","48.50","48.60","47.91","101.31M","1.66%"
"08-01-2020","47.52","47.16","47.81","46.70","133.05M","-0.19%"
"07-01-2020","47.61","47.55","48.46","47.35","131.96M","0.59%"
"06-01-2020","47.33","48.00","48.00","47.05","96.02M","-2.15%"
"03-01-2020","48.37","48.30","48.62","47.95","129.57M","-0.23%"
"02-01-2020","48.48","47.20","48.78","47.20","216.75M","3.66%"